{"target": 0.8790132403373718, "params": {"epochs": 54.26579739537842, "learning_rate": 0.0008506309246651858, "weight_decay": 9.503928373936837e-07}}